{"cameraMode":{"drawMode":0,"name":"Shaded","section":"Shading Mode"},"sceneLighting":true,"audioPlay":false,"sceneViewState":{"m_AlwaysRefresh":false,"showFog":true,"showSkybox":true,"showFlares":true,"showImageEffects":true,"showParticleSystems":true,"showVisualEffectGraphs":true,"m_FxEnabled":true},"in2DMode":false,"pivot":{"x":-1.9021553993225098,"y":-5.2476887702941898,"z":64.50401306152344},"rotation":{"x":-0.2187611609697342,"y":0.047399140894412997,"z":-0.010639534331858158,"w":-0.9745677709579468},"size":16.078689575195314,"orthographic":false}